{
  "model_type": "Lasso",
  "alpha": 0.1,
  "coef_": [
    4.588244210098089,
    -3.323473029441078,
    -0.12954026052478704,
    1.161923236112375,
    0.25615903400447726,
    0.0,
    0.7633290233804323,
    3.1958626309601774
  ],
  "intercept_": 19.32355352488532,
  "feature_names": [
    "Tmax",
    "Tmin",
    "RHmean",
    "Wind",
    "Pressure",
    "H0",
    "sin_doy",
    "cos_doy"
  ],
  "scaler_mean": [
    28.306880733944954,
    16.312385321100916,
    73.85059887869522,
    4.006726766904519,
    1013.4928007135576,
    34.690197824480684,
    -0.06160859895502392,
    0.08342266782360845
  ],
  "scaler_scale": [
    3.26329298345511,
    3.261411318795219,
    9.434286469171017,
    1.889184270677633,
    4.053555349357403,
    6.86160961363773,
    0.7120716198677455,
    0.6944055351211682
  ]
}