{
  "scaler_mean": [
    28.306880733944954,
    16.312385321100916,
    73.85059887869522,
    4.006726766904519,
    1013.4928007135576,
    34.690197824480684,
    -0.06160859895502392,
    0.08342266782360845
  ],
  "scaler_scale": [
    3.26329298345511,
    3.261411318795219,
    9.434286469171017,
    1.889184270677633,
    4.053555349357403,
    6.86160961363773,
    0.7120716198677455,
    0.6944055351211682
  ],
  "feature_names": [
    "Tmax",
    "Tmin",
    "RHmean",
    "Wind",
    "Pressure",
    "H0",
    "sin_doy",
    "cos_doy"
  ]
}